Player,Tm,2025-26,Rk,Age,Team,Pos,G,GS,MP,FG,FGA,FG%,3P,3PA,3P%,2P,2PA,2P%,eFG%,FT,FTA,FT%,ORB,DRB,TRB,AST,STL,BLK,TOV,PF,PTS,Trp-Dbl,Awards,Player-additional
Garrison Mathews,IND,"$131,970 ",398.0,29.0,IND,SG,15.0,1.0,196.0,21.0,52.0,0.404,17.0,46.0,0.37,4.0,6.0,0.667,0.567,19.0,23.0,0.826,2.0,15.0,17.0,10.0,6.0,3.0,3.0,19.0,78.0,0.0,,mathega01
Garrison Mathews,IND,"$131,970 ",398.0,29.0,IND,SG,15.0,1.0,196.0,21.0,52.0,0.404,17.0,46.0,0.37,4.0,6.0,0.667,0.567,19.0,23.0,0.826,2.0,15.0,17.0,10.0,6.0,3.0,3.0,19.0,78.0,0.0,,mathega01
Mac McClung,IND,"$164,060 ",459.0,27.0,2TM,SG,4.0,0.0,47.0,9.0,25.0,0.36,2.0,12.0,0.167,7.0,13.0,0.538,0.4,3.0,4.0,0.75,0.0,5.0,5.0,2.0,5.0,2.0,3.0,8.0,23.0,0.0,,mccluma01
Mac McClung,IND,"$164,060 ",459.0,27.0,IND,SG,3.0,0.0,34.0,7.0,18.0,0.389,2.0,10.0,0.2,5.0,8.0,0.625,0.444,3.0,4.0,0.75,0.0,4.0,4.0,1.0,5.0,1.0,2.0,6.0,19.0,0.0,,mccluma01
Mac McClung,IND,"$164,060 ",459.0,27.0,CHI,SG,1.0,0.0,13.0,2.0,7.0,0.286,0.0,2.0,0.0,2.0,5.0,0.4,0.286,0.0,0.0,,0.0,1.0,1.0,1.0,0.0,1.0,1.0,2.0,4.0,0.0,,mccluma01
Isaac Jones,DET,"$1,955,377 ",515.0,25.0,2TM,PF,4.0,1.0,18.0,2.0,4.0,0.5,0.0,2.0,0.0,2.0,2.0,1.0,0.5,1.0,2.0,0.5,2.0,0.0,2.0,1.0,0.0,0.0,0.0,4.0,5.0,0.0,,jonesis01
Isaac Jones,DET,"$1,955,377 ",515.0,25.0,SAC,PF,3.0,1.0,17.0,1.0,2.0,0.5,0.0,1.0,0.0,1.0,1.0,1.0,0.5,1.0,2.0,0.5,2.0,0.0,2.0,1.0,0.0,0.0,0.0,4.0,3.0,0.0,,jonesis01
Isaac Jones,DET,"$1,955,377 ",515.0,25.0,DET,PF,1.0,0.0,1.0,1.0,2.0,0.5,0.0,1.0,0.0,1.0,1.0,1.0,0.5,0.0,0.0,,0.0,0.0,0.0,0.0,0.0,0.0,0.0,0.0,2.0,0.0,,jonesis01
Leonard Miller,CHI,"$2,221,677 ",429.0,22.0,2TM,SF,21.0,0.0,104.0,20.0,35.0,0.571,1.0,12.0,0.083,19.0,23.0,0.826,0.586,8.0,12.0,0.667,7.0,21.0,28.0,5.0,5.0,0.0,9.0,13.0,49.0,0.0,,millele01
Leonard Miller,CHI,"$2,221,677 ",429.0,22.0,MIN,SF,19.0,0.0,95.0,18.0,33.0,0.545,1.0,12.0,0.083,17.0,21.0,0.81,0.561,7.0,11.0,0.636,7.0,18.0,25.0,5.0,4.0,0.0,9.0,12.0,44.0,0.0,,millele01
Leonard Miller,CHI,"$2,221,677 ",429.0,22.0,CHI,SF,2.0,0.0,9.0,2.0,2.0,1.0,0.0,0.0,,2.0,2.0,1.0,1.0,1.0,1.0,1.0,0.0,3.0,3.0,0.0,1.0,0.0,0.0,1.0,5.0,0.0,,millele01
Trayce Jackson-Davis,TOR,"$2,221,677 ",338.0,25.0,2TM,C,38.0,1.0,436.0,62.0,107.0,0.579,1.0,1.0,1.0,61.0,106.0,0.575,0.584,35.0,62.0,0.565,56.0,69.0,125.0,34.0,15.0,20.0,19.0,40.0,160.0,0.0,,jackstr02
Trayce Jackson-Davis,TOR,"$2,221,677 ",338.0,25.0,GSW,C,36.0,1.0,411.0,60.0,102.0,0.588,1.0,1.0,1.0,59.0,101.0,0.584,0.593,29.0,52.0,0.558,47.0,65.0,112.0,32.0,13.0,19.0,18.0,40.0,150.0,0.0,,jackstr02
Trayce Jackson-Davis,TOR,"$2,221,677 ",338.0,25.0,TOR,C,2.0,0.0,25.0,2.0,5.0,0.4,0.0,0.0,,2.0,5.0,0.4,0.4,6.0,10.0,0.6,9.0,4.0,13.0,2.0,2.0,1.0,1.0,0.0,10.0,0.0,,jackstr02
Julian Phillips,MIN,"$2,221,677 ",381.0,22.0,2TM,SF,37.0,2.0,342.0,39.0,92.0,0.424,16.0,50.0,0.32,23.0,42.0,0.548,0.511,11.0,13.0,0.846,22.0,22.0,44.0,7.0,19.0,6.0,7.0,34.0,105.0,0.0,,phillju01
Julian Phillips,MIN,"$2,221,677 ",381.0,22.0,CHI,SF,35.0,2.0,334.0,37.0,88.0,0.42,16.0,49.0,0.327,21.0,39.0,0.538,0.511,9.0,11.0,0.818,22.0,22.0,44.0,7.0,17.0,6.0,7.0,33.0,99.0,0.0,,phillju01
Julian Phillips,MIN,"$2,221,677 ",381.0,22.0,MIN,SF,2.0,0.0,8.0,2.0,4.0,0.5,0.0,1.0,0.0,2.0,3.0,0.667,0.5,2.0,2.0,1.0,0.0,0.0,0.0,0.0,2.0,0.0,0.0,1.0,6.0,0.0,,phillju01
Marvin Bagley III,DAL,"$2,296,274 ",186.0,26.0,2TM,PF,41.0,8.0,800.0,167.0,271.0,0.616,9.0,21.0,0.429,158.0,250.0,0.632,0.633,74.0,110.0,0.673,109.0,131.0,240.0,60.0,22.0,31.0,45.0,84.0,417.0,0.0,,baglema01
Marvin Bagley III,DAL,"$2,296,274 ",186.0,26.0,WAS,PF,38.0,8.0,731.0,154.0,246.0,0.626,8.0,19.0,0.421,146.0,227.0,0.643,0.642,69.0,97.0,0.711,97.0,119.0,216.0,56.0,20.0,27.0,44.0,78.0,385.0,0.0,,baglema01
Marvin Bagley III,DAL,"$2,296,274 ",186.0,26.0,DAL,PF,3.0,0.0,69.0,13.0,25.0,0.52,1.0,2.0,0.5,12.0,23.0,0.522,0.54,5.0,13.0,0.385,12.0,12.0,24.0,4.0,2.0,4.0,1.0,6.0,32.0,0.0,,baglema01
Amir Coffey,PHO,"$2,296,274 ",391.0,28.0,2TM,SG,32.0,2.0,298.0,31.0,66.0,0.47,9.0,31.0,0.29,22.0,35.0,0.629,0.538,16.0,19.0,0.842,8.0,25.0,33.0,14.0,4.0,3.0,5.0,19.0,87.0,0.0,,coffeam01
Amir Coffey,PHO,"$2,296,274 ",391.0,28.0,MIL,SG,30.0,2.0,265.0,26.0,55.0,0.473,7.0,25.0,0.28,19.0,30.0,0.633,0.536,13.0,15.0,0.867,6.0,20.0,26.0,11.0,3.0,3.0,4.0,14.0,72.0,0.0,,coffeam01
Amir Coffey,PHO,"$2,296,274 ",391.0,28.0,PHO,SG,2.0,0.0,33.0,5.0,11.0,0.455,2.0,6.0,0.333,3.0,5.0,0.6,0.545,3.0,4.0,0.75,2.0,5.0,7.0,3.0,1.0,0.0,1.0,5.0,15.0,0.0,,coffeam01
Keon Ellis,CLE,"$2,301,587 ",268.0,26.0,2TM,SG,47.0,5.0,841.0,90.0,227.0,0.396,58.0,159.0,0.365,32.0,68.0,0.471,0.524,21.0,34.0,0.618,17.0,51.0,68.0,33.0,53.0,25.0,25.0,75.0,259.0,0.0,,elliske01
Keon Ellis,CLE,"$2,301,587 ",268.0,26.0,SAC,SG,43.0,5.0,758.0,83.0,209.0,0.397,53.0,144.0,0.368,30.0,65.0,0.462,0.524,20.0,32.0,0.625,15.0,40.0,55.0,26.0,46.0,22.0,21.0,69.0,239.0,0.0,,elliske01
Keon Ellis,CLE,"$2,301,587 ",268.0,26.0,CLE,SG,4.0,0.0,83.0,7.0,18.0,0.389,5.0,15.0,0.333,2.0,3.0,0.667,0.528,1.0,2.0,0.5,2.0,11.0,13.0,7.0,7.0,3.0,4.0,6.0,20.0,0.0,,elliske01
Vince Williams Jr.,UTA,"$2,301,587 ",247.0,25.0,2TM,PG,38.0,12.0,789.0,101.0,281.0,0.359,53.0,169.0,0.314,48.0,112.0,0.429,0.454,37.0,46.0,0.804,38.0,111.0,149.0,161.0,28.0,16.0,67.0,76.0,292.0,0.0,,willivi01
Vince Williams Jr.,UTA,"$2,301,587 ",247.0,25.0,MEM,PG,34.0,12.0,736.0,93.0,264.0,0.352,49.0,159.0,0.308,44.0,105.0,0.419,0.445,37.0,46.0,0.804,34.0,102.0,136.0,150.0,27.0,14.0,63.0,71.0,272.0,0.0,,willivi01
Vince Williams Jr.,UTA,"$2,301,587 ",247.0,25.0,UTA,SG,4.0,0.0,53.0,8.0,17.0,0.471,4.0,10.0,0.4,4.0,7.0,0.571,0.588,0.0,0.0,,4.0,9.0,13.0,11.0,1.0,2.0,4.0,5.0,20.0,0.0,,willivi01
Vit Krejci,POR,"$2,349,578 ",157.0,25.0,2TM,PG,52.0,8.0,1159.0,165.0,356.0,0.463,112.0,273.0,0.41,53.0,83.0,0.639,0.621,31.0,41.0,0.756,23.0,85.0,108.0,80.0,42.0,16.0,32.0,119.0,473.0,0.0,,krejcvi01
Vit Krejci,POR,"$2,349,578 ",157.0,25.0,ATL,PG,46.0,8.0,1028.0,143.0,308.0,0.464,101.0,239.0,0.423,42.0,69.0,0.609,0.628,27.0,36.0,0.75,19.0,78.0,97.0,68.0,37.0,13.0,30.0,108.0,414.0,0.0,,krejcvi01
Vit Krejci,POR,"$2,349,578 ",157.0,25.0,POR,PG,6.0,0.0,131.0,22.0,48.0,0.458,11.0,34.0,0.324,11.0,14.0,0.786,0.573,4.0,5.0,0.8,4.0,7.0,11.0,12.0,5.0,3.0,2.0,11.0,59.0,0.0,,krejcvi01
Xavier Tillman Sr.,CHO,"$2,546,675 ",448.0,27.0,2TM,C,15.0,1.0,112.0,14.0,31.0,0.452,3.0,15.0,0.2,11.0,16.0,0.688,0.5,0.0,0.0,,10.0,15.0,25.0,5.0,6.0,2.0,5.0,9.0,31.0,0.0,,tillmxa01
Xavier Tillman Sr.,CHO,"$2,546,675 ",448.0,27.0,BOS,C,14.0,1.0,111.0,14.0,31.0,0.452,3.0,15.0,0.2,11.0,16.0,0.688,0.5,0.0,0.0,,10.0,15.0,25.0,5.0,6.0,2.0,5.0,9.0,31.0,0.0,,tillmxa01
Xavier Tillman Sr.,CHO,"$2,546,675 ",448.0,27.0,CHO,C,1.0,0.0,1.0,0.0,0.0,,0.0,0.0,,0.0,0.0,,,0.0,0.0,,0.0,0.0,0.0,0.0,0.0,0.0,0.0,0.0,0.0,0.0,,tillmxa01
Kobe Brown,IND,"$2,654,880 ",376.0,26.0,2TM,PF,36.0,1.0,342.0,38.0,93.0,0.409,14.0,51.0,0.275,24.0,42.0,0.571,0.484,22.0,28.0,0.786,22.0,44.0,66.0,31.0,10.0,2.0,17.0,23.0,112.0,0.0,,brownko01
Kobe Brown,IND,"$2,654,880 ",376.0,26.0,LAC,PF,34.0,0.0,295.0,33.0,84.0,0.393,13.0,49.0,0.265,20.0,35.0,0.571,0.47,21.0,26.0,0.808,18.0,35.0,53.0,27.0,9.0,2.0,15.0,16.0,100.0,0.0,,brownko01
Kobe Brown,IND,"$2,654,880 ",376.0,26.0,IND,PF,2.0,1.0,47.0,5.0,9.0,0.556,1.0,2.0,0.5,4.0,7.0,0.571,0.611,1.0,2.0,0.5,4.0,9.0,13.0,4.0,1.0,0.0,2.0,7.0,12.0,0.0,,brownko01
AJ Johnson,DAL,"$3,090,480 ",404.0,21.0,2TM,SG,28.0,0.0,225.0,27.0,88.0,0.307,7.0,27.0,0.259,20.0,61.0,0.328,0.347,9.0,12.0,0.75,8.0,24.0,32.0,23.0,7.0,0.0,18.0,15.0,70.0,0.0,,johnsaj01
AJ Johnson,DAL,"$3,090,480 ",404.0,21.0,WAS,SG,25.0,0.0,214.0,27.0,83.0,0.325,7.0,25.0,0.28,20.0,58.0,0.345,0.367,9.0,12.0,0.75,8.0,23.0,31.0,22.0,7.0,0.0,18.0,15.0,70.0,0.0,,johnsaj01
AJ Johnson,DAL,"$3,090,480 ",404.0,21.0,DAL,SG,3.0,0.0,11.0,0.0,5.0,0.0,0.0,2.0,0.0,0.0,3.0,0.0,0.0,0.0,0.0,,0.0,1.0,1.0,1.0,0.0,0.0,0.0,0.0,0.0,0.0,,johnsaj01
Walter Clayton,MEM,"$3,991,320 ",229.0,22.0,2TM,PG,47.0,0.0,861.0,110.0,275.0,0.4,45.0,151.0,0.298,65.0,124.0,0.524,0.482,60.0,64.0,0.938,15.0,80.0,95.0,154.0,28.0,12.0,62.0,81.0,325.0,0.0,,claytwa01
Walter Clayton,MEM,"$3,991,320 ",229.0,22.0,UTA,PG,45.0,0.0,811.0,102.0,256.0,0.398,44.0,143.0,0.308,58.0,113.0,0.513,0.484,58.0,62.0,0.935,15.0,73.0,88.0,143.0,24.0,12.0,57.0,78.0,306.0,0.0,,claytwa01
Walter Clayton,MEM,"$3,991,320 ",229.0,22.0,MEM,PG,2.0,0.0,50.0,8.0,19.0,0.421,1.0,8.0,0.125,7.0,11.0,0.636,0.447,2.0,2.0,1.0,0.0,7.0,7.0,11.0,4.0,0.0,5.0,3.0,19.0,0.0,,claytwa01
Jared McCain,OKC,"$4,221,360 ",253.0,21.0,2TM,SG,41.0,1.0,694.0,102.0,260.0,0.392,51.0,133.0,0.383,51.0,127.0,0.402,0.49,27.0,31.0,0.871,10.0,77.0,87.0,66.0,24.0,2.0,36.0,48.0,282.0,0.0,,mccaija01
Jared McCain,OKC,"$4,221,360 ",253.0,21.0,PHI,SG,37.0,1.0,620.0,89.0,231.0,0.385,45.0,119.0,0.378,44.0,112.0,0.393,0.483,22.0,25.0,0.88,6.0,69.0,75.0,62.0,22.0,2.0,30.0,43.0,245.0,0.0,,mccaija01
Jared McCain,OKC,"$4,221,360 ",253.0,21.0,OKC,SG,4.0,0.0,74.0,13.0,29.0,0.448,6.0,14.0,0.429,7.0,15.0,0.467,0.552,5.0,6.0,0.833,4.0,8.0,12.0,4.0,2.0,0.0,6.0,5.0,37.0,0.0,,mccaija01
Jose Alvarado,NYK,"$4,500,000 ",211.0,27.0,2TM,PG,44.0,0.0,958.0,131.0,310.0,0.423,80.0,215.0,0.372,51.0,95.0,0.537,0.552,24.0,30.0,0.8,16.0,104.0,120.0,139.0,44.0,5.0,51.0,89.0,366.0,0.0,,alvarjo01
Jose Alvarado,NYK,"$4,500,000 ",211.0,27.0,NOP,PG,41.0,0.0,896.0,117.0,280.0,0.418,70.0,193.0,0.363,47.0,87.0,0.54,0.543,20.0,24.0,0.833,16.0,98.0,114.0,128.0,37.0,4.0,47.0,80.0,324.0,0.0,,alvarjo01
Jose Alvarado,NYK,"$4,500,000 ",211.0,27.0,NYK,PG,3.0,0.0,62.0,14.0,30.0,0.467,10.0,22.0,0.455,4.0,8.0,0.5,0.633,4.0,6.0,0.667,0.0,6.0,6.0,11.0,7.0,1.0,4.0,9.0,42.0,0.0,,alvarjo01
Nick Richards,CHI,"$5,000,000 ",365.0,28.0,2TM,C,31.0,2.0,320.0,45.0,91.0,0.495,2.0,3.0,0.667,43.0,88.0,0.489,0.505,29.0,41.0,0.707,42.0,66.0,108.0,9.0,7.0,19.0,31.0,49.0,121.0,0.0,,richani01
Nick Richards,CHI,"$5,000,000 ",365.0,28.0,PHO,C,28.0,2.0,254.0,35.0,71.0,0.493,0.0,0.0,,35.0,71.0,0.493,0.493,19.0,28.0,0.679,35.0,56.0,91.0,8.0,4.0,14.0,25.0,39.0,89.0,0.0,,richani01
Nick Richards,CHI,"$5,000,000 ",365.0,28.0,CHI,C,3.0,0.0,66.0,10.0,20.0,0.5,2.0,3.0,0.667,8.0,17.0,0.471,0.55,10.0,13.0,0.769,7.0,10.0,17.0,1.0,3.0,5.0,6.0,10.0,32.0,0.0,,richani01
Dalen Terry,NOP,"$5,399,118 ",370.0,23.0,2TM,SG,35.0,0.0,384.0,45.0,104.0,0.433,19.0,47.0,0.404,26.0,57.0,0.456,0.524,9.0,17.0,0.529,19.0,46.0,65.0,44.0,22.0,11.0,22.0,33.0,118.0,0.0,,terryda01
Dalen Terry,NOP,"$5,399,118 ",370.0,23.0,CHI,SG,34.0,0.0,377.0,45.0,102.0,0.441,19.0,46.0,0.413,26.0,56.0,0.464,0.534,9.0,17.0,0.529,19.0,45.0,64.0,43.0,22.0,11.0,21.0,33.0,118.0,0.0,,terryda01
Dalen Terry,NOP,"$5,399,118 ",370.0,23.0,PHI,SG,1.0,0.0,7.0,0.0,2.0,0.0,0.0,1.0,0.0,0.0,1.0,0.0,0.0,0.0,0.0,,0.0,1.0,1.0,1.0,0.0,0.0,1.0,0.0,0.0,0.0,,terryda01
Guerschon Yabusele,CHI,"$5,500,000 ",343.0,30.0,2TM,C,45.0,3.0,473.0,58.0,146.0,0.397,30.0,92.0,0.326,28.0,54.0,0.519,0.5,9.0,14.0,0.643,29.0,75.0,104.0,24.0,10.0,7.0,18.0,47.0,155.0,0.0,,yabusgu01
Guerschon Yabusele,CHI,"$5,500,000 ",343.0,30.0,NYK,C,41.0,0.0,366.0,42.0,107.0,0.393,20.0,68.0,0.294,22.0,39.0,0.564,0.486,8.0,12.0,0.667,24.0,63.0,87.0,18.0,6.0,5.0,15.0,36.0,112.0,0.0,,yabusgu01
Guerschon Yabusele,CHI,"$5,500,000 ",343.0,30.0,CHI,C,4.0,3.0,107.0,16.0,39.0,0.41,10.0,24.0,0.417,6.0,15.0,0.4,0.538,1.0,2.0,0.5,5.0,12.0,17.0,6.0,4.0,2.0,3.0,11.0,43.0,0.0,,yabusgu01
Cam Thomas,BRK,"$5,993,172 ",182.0,24.0,2TM,SG,27.0,8.0,640.0,141.0,346.0,0.408,43.0,130.0,0.331,98.0,216.0,0.454,0.47,100.0,117.0,0.855,9.0,40.0,49.0,79.0,4.0,2.0,53.0,32.0,425.0,0.0,,thomaca02
Cam Thomas,BRK,"$5,993,172 ",182.0,24.0,BRK,SG,24.0,8.0,582.0,123.0,308.0,0.399,38.0,117.0,0.325,85.0,191.0,0.445,0.461,91.0,108.0,0.843,9.0,34.0,43.0,74.0,4.0,2.0,48.0,31.0,375.0,0.0,,thomaca02
Cam Thomas,BRK,"$5,993,172 ",182.0,24.0,MIL,SG,3.0,0.0,58.0,18.0,38.0,0.474,5.0,13.0,0.385,13.0,25.0,0.52,0.539,9.0,9.0,1.0,0.0,6.0,6.0,5.0,0.0,0.0,5.0,1.0,50.0,0.0,,thomaca02
Jaden Hardy,WAS,"$6,000,000 ",281.0,23.0,2TM,SG,35.0,4.0,443.0,81.0,201.0,0.403,49.0,129.0,0.38,32.0,72.0,0.444,0.525,33.0,42.0,0.786,11.0,38.0,49.0,30.0,9.0,2.0,28.0,39.0,244.0,0.0,,hardyja02
Jaden Hardy,WAS,"$6,000,000 ",281.0,23.0,DAL,SG,34.0,4.0,428.0,78.0,194.0,0.402,46.0,124.0,0.371,32.0,70.0,0.457,0.521,31.0,40.0,0.775,11.0,36.0,47.0,29.0,9.0,2.0,27.0,39.0,233.0,0.0,,hardyja02
Jaden Hardy,WAS,"$6,000,000 ",281.0,23.0,WAS,SG,1.0,0.0,15.0,3.0,7.0,0.429,3.0,5.0,0.6,0.0,2.0,0.0,0.643,2.0,2.0,1.0,0.0,2.0,2.0,1.0,0.0,0.0,1.0,0.0,11.0,0.0,,hardyja02
Taylor Hendricks,MEM,"$6,127,080 ",308.0,22.0,2TM,PF,37.0,6.0,579.0,71.0,161.0,0.441,29.0,86.0,0.337,42.0,75.0,0.56,0.531,28.0,42.0,0.667,32.0,85.0,117.0,29.0,18.0,8.0,24.0,52.0,199.0,0.0,,hendrta01
Taylor Hendricks,MEM,"$6,127,080 ",308.0,22.0,UTA,PF,33.0,6.0,492.0,58.0,128.0,0.453,24.0,70.0,0.343,34.0,58.0,0.586,0.547,23.0,32.0,0.719,29.0,70.0,99.0,24.0,13.0,8.0,20.0,40.0,163.0,0.0,,hendrta01
Taylor Hendricks,MEM,"$6,127,080 ",308.0,22.0,MEM,PF,4.0,0.0,87.0,13.0,33.0,0.394,5.0,16.0,0.313,8.0,17.0,0.471,0.47,5.0,10.0,0.5,3.0,15.0,18.0,5.0,5.0,0.0,4.0,12.0,36.0,0.0,,hendrta01
John Konchar,UTA,"$6,165,000 ",382.0,29.0,2TM,SG,34.0,1.0,513.0,41.0,86.0,0.477,13.0,47.0,0.277,28.0,39.0,0.718,0.552,10.0,16.0,0.625,26.0,81.0,107.0,48.0,36.0,17.0,15.0,39.0,105.0,0.0,,konchjo01
John Konchar,UTA,"$6,165,000 ",382.0,29.0,MEM,SG,30.0,1.0,435.0,37.0,71.0,0.521,13.0,39.0,0.333,24.0,32.0,0.75,0.613,8.0,13.0,0.615,20.0,72.0,92.0,40.0,31.0,13.0,14.0,30.0,95.0,0.0,,konchjo01
John Konchar,UTA,"$6,165,000 ",382.0,29.0,UTA,SG,4.0,0.0,78.0,4.0,15.0,0.267,0.0,8.0,0.0,4.0,7.0,0.571,0.267,2.0,3.0,0.667,6.0,9.0,15.0,8.0,5.0,4.0,1.0,9.0,10.0,0.0,,konchjo01
Ochai Agbaji,BRK,"$6,383,525 ",327.0,25.0,2TM,SG,43.0,13.0,666.0,72.0,173.0,0.416,12.0,65.0,0.185,60.0,108.0,0.556,0.451,25.0,29.0,0.862,36.0,65.0,101.0,32.0,17.0,12.0,19.0,75.0,181.0,0.0,,agbajoc01
Ochai Agbaji,BRK,"$6,383,525 ",327.0,25.0,TOR,SG,42.0,13.0,650.0,72.0,170.0,0.424,12.0,65.0,0.185,60.0,105.0,0.571,0.459,25.0,29.0,0.862,33.0,62.0,95.0,30.0,17.0,11.0,19.0,75.0,181.0,0.0,,agbajoc01
Ochai Agbaji,BRK,"$6,383,525 ",327.0,25.0,BRK,SG,1.0,0.0,16.0,0.0,3.0,0.0,0.0,0.0,,0.0,3.0,0.0,0.0,0.0,0.0,,3.0,3.0,6.0,2.0,0.0,1.0,0.0,0.0,0.0,0.0,,agbajoc01
Rob Dillingham,CHI,"$6,576,120 ",345.0,21.0,2TM,PG,38.0,0.0,400.0,60.0,170.0,0.353,13.0,39.0,0.333,47.0,131.0,0.359,0.391,21.0,27.0,0.778,8.0,44.0,52.0,70.0,25.0,3.0,43.0,43.0,154.0,0.0,,dilliro01
Rob Dillingham,CHI,"$6,576,120 ",345.0,21.0,MIN,PG,35.0,0.0,326.0,47.0,141.0,0.333,12.0,33.0,0.364,35.0,108.0,0.324,0.376,15.0,20.0,0.75,5.0,36.0,41.0,58.0,19.0,3.0,36.0,36.0,121.0,0.0,,dilliro01
Rob Dillingham,CHI,"$6,576,120 ",345.0,21.0,CHI,PG,3.0,0.0,74.0,13.0,29.0,0.448,1.0,6.0,0.167,12.0,23.0,0.522,0.466,6.0,7.0,0.857,3.0,8.0,11.0,12.0,6.0,0.0,7.0,7.0,33.0,0.0,,dilliro01
Ousmane Dieng,MIL,"$6,670,882 ",354.0,22.0,2TM,C,30.0,1.0,359.0,52.0,116.0,0.448,26.0,65.0,0.4,26.0,51.0,0.51,0.56,8.0,10.0,0.8,9.0,48.0,57.0,34.0,4.0,11.0,8.0,28.0,138.0,0.0,,diengou01
Ousmane Dieng,MIL,"$6,670,882 ",354.0,22.0,OKC,C,27.0,0.0,295.0,38.0,91.0,0.418,18.0,49.0,0.367,20.0,42.0,0.476,0.516,6.0,6.0,1.0,8.0,34.0,42.0,28.0,2.0,7.0,8.0,22.0,100.0,0.0,,diengou01
Ousmane Dieng,MIL,"$6,670,882 ",354.0,22.0,MIL,C,3.0,1.0,64.0,14.0,25.0,0.56,8.0,16.0,0.5,6.0,9.0,0.667,0.72,2.0,4.0,0.5,1.0,14.0,15.0,6.0,2.0,4.0,0.0,6.0,38.0,0.0,,diengou01
Jevon Carter,CHI,"$6,809,524 ",361.0,30.0,2TM,PG,24.0,0.0,258.0,41.0,106.0,0.387,32.0,80.0,0.4,9.0,26.0,0.346,0.538,10.0,10.0,1.0,5.0,22.0,27.0,19.0,13.0,2.0,11.0,19.0,124.0,0.0,,carteje01
Jevon Carter,CHI,"$6,809,524 ",361.0,30.0,CHI,PG,23.0,0.0,254.0,41.0,103.0,0.398,32.0,78.0,0.41,9.0,25.0,0.36,0.553,10.0,10.0,1.0,5.0,21.0,26.0,19.0,13.0,2.0,11.0,19.0,124.0,0.0,,carteje01
Jevon Carter,CHI,"$6,809,524 ",361.0,30.0,ORL,PG,1.0,0.0,4.0,0.0,3.0,0.0,0.0,2.0,0.0,0.0,1.0,0.0,0.0,0.0,0.0,,0.0,1.0,1.0,0.0,0.0,0.0,0.0,0.0,0.0,0.0,,carteje01
Tyus Jones,DAL,"$7,000,000 ",346.0,29.0,2TM,PG,51.0,9.0,805.0,58.0,169.0,0.343,31.0,110.0,0.282,27.0,59.0,0.458,0.435,6.0,6.0,1.0,9.0,46.0,55.0,129.0,35.0,3.0,16.0,28.0,153.0,0.0,,jonesty01
Tyus Jones,DAL,"$7,000,000 ",346.0,29.0,ORL,PG,48.0,8.0,754.0,54.0,158.0,0.342,30.0,102.0,0.294,24.0,56.0,0.429,0.437,6.0,6.0,1.0,9.0,44.0,53.0,116.0,33.0,3.0,14.0,25.0,144.0,0.0,,jonesty01
Tyus Jones,DAL,"$7,000,000 ",346.0,29.0,DAL,PG,3.0,1.0,51.0,4.0,11.0,0.364,1.0,8.0,0.125,3.0,3.0,1.0,0.409,0.0,0.0,,0.0,2.0,2.0,13.0,2.0,0.0,2.0,3.0,9.0,0.0,,jonesty01
Blake Wesley,POR,"$7,022,602 ",401.0,22.0,POR,SG,13.0,0.0,201.0,29.0,67.0,0.433,7.0,22.0,0.318,22.0,45.0,0.489,0.485,8.0,16.0,0.5,6.0,19.0,25.0,39.0,13.0,1.0,16.0,17.0,73.0,0.0,,weslebl01
Blake Wesley,WAS,"$7,022,602 ",401.0,22.0,POR,SG,13.0,0.0,201.0,29.0,67.0,0.433,7.0,22.0,0.318,22.0,45.0,0.489,0.485,8.0,16.0,0.5,6.0,19.0,25.0,39.0,13.0,1.0,16.0,17.0,73.0,0.0,,weslebl01
Ayo Dosunmu,MIN,"$7,518,518 ",82.0,26.0,2TM,SG,48.0,10.0,1271.0,268.0,518.0,0.517,92.0,206.0,0.447,176.0,312.0,0.564,0.606,93.0,108.0,0.861,33.0,106.0,139.0,172.0,39.0,13.0,63.0,86.0,721.0,0.0,,dosunay01
Ayo Dosunmu,MIN,"$7,518,518 ",82.0,26.0,CHI,SG,45.0,10.0,1187.0,250.0,486.0,0.514,87.0,193.0,0.451,163.0,293.0,0.556,0.604,90.0,105.0,0.857,33.0,103.0,136.0,164.0,34.0,12.0,61.0,78.0,677.0,0.0,,dosunay01
Ayo Dosunmu,MIN,"$7,518,518 ",82.0,26.0,MIN,SG,3.0,0.0,84.0,18.0,32.0,0.563,5.0,13.0,0.385,13.0,19.0,0.684,0.641,3.0,3.0,1.0,0.0,3.0,3.0,8.0,5.0,1.0,2.0,8.0,44.0,0.0,,dosunay01
Isaiah Jackson,LAC,"$7,600,000 ",277.0,24.0,2TM,C,39.0,14.0,643.0,98.0,167.0,0.587,0.0,1.0,0.0,98.0,166.0,0.59,0.587,52.0,77.0,0.675,86.0,126.0,212.0,31.0,26.0,29.0,43.0,108.0,248.0,0.0,,jacksis01
Isaiah Jackson,LAC,"$7,600,000 ",277.0,24.0,IND,C,38.0,14.0,638.0,96.0,165.0,0.582,0.0,1.0,0.0,96.0,164.0,0.585,0.582,51.0,74.0,0.689,86.0,125.0,211.0,31.0,26.0,29.0,43.0,108.0,243.0,0.0,,jacksis01
Isaiah Jackson,LAC,"$7,600,000 ",277.0,24.0,LAC,C,1.0,0.0,5.0,2.0,2.0,1.0,0.0,0.0,,2.0,2.0,1.0,1.0,1.0,3.0,0.333,0.0,1.0,1.0,0.0,0.0,0.0,0.0,0.0,5.0,0.0,,jacksis01
Bennedict Mathurin,LAC,"$9,187,573 ",143.0,23.0,2TM,SF,30.0,24.0,948.0,162.0,381.0,0.425,59.0,161.0,0.366,103.0,220.0,0.468,0.503,139.0,157.0,0.885,25.0,136.0,161.0,70.0,23.0,5.0,65.0,81.0,522.0,0.0,,mathube01
Bennedict Mathurin,LAC,"$9,187,573 ",143.0,23.0,IND,SF,28.0,24.0,891.0,155.0,358.0,0.433,58.0,156.0,0.372,97.0,202.0,0.48,0.514,129.0,146.0,0.884,22.0,129.0,151.0,63.0,17.0,4.0,64.0,76.0,497.0,0.0,,mathube01
Bennedict Mathurin,LAC,"$9,187,573 ",143.0,23.0,LAC,SF,2.0,0.0,57.0,7.0,23.0,0.304,1.0,5.0,0.2,6.0,18.0,0.333,0.326,10.0,11.0,0.909,3.0,7.0,10.0,7.0,6.0,1.0,1.0,5.0,25.0,0.0,,mathube01
Kyle Anderson,MEM,"$9,219,512 ",330.0,32.0,2TM,SF,23.0,3.0,472.0,69.0,124.0,0.556,3.0,5.0,0.6,66.0,119.0,0.555,0.569,28.0,43.0,0.651,22.0,57.0,79.0,64.0,28.0,14.0,23.0,57.0,169.0,0.0,,anderky01
Kyle Anderson,MEM,"$9,219,512 ",330.0,32.0,UTA,SF,20.0,0.0,401.0,57.0,109.0,0.523,3.0,5.0,0.6,54.0,104.0,0.519,0.537,25.0,38.0,0.658,19.0,47.0,66.0,61.0,23.0,10.0,17.0,46.0,142.0,0.0,,anderky01
Kyle Anderson,MEM,"$9,219,512 ",330.0,32.0,MEM,SF,3.0,3.0,71.0,12.0,15.0,0.8,0.0,0.0,,12.0,15.0,0.8,0.8,3.0,5.0,0.6,3.0,10.0,13.0,3.0,5.0,4.0,6.0,11.0,27.0,0.0,,anderky01
Buddy Hield,ATL,"$9,219,512 ",215.0,33.0,2TM,SG,45.0,3.0,773.0,130.0,301.0,0.432,67.0,196.0,0.342,63.0,105.0,0.6,0.543,27.0,34.0,0.794,26.0,82.0,108.0,66.0,37.0,9.0,43.0,56.0,354.0,0.0,,hieldbu01
Buddy Hield,ATL,"$9,219,512 ",215.0,33.0,GSW,SG,44.0,3.0,768.0,130.0,300.0,0.433,67.0,195.0,0.344,63.0,105.0,0.6,0.545,27.0,34.0,0.794,26.0,82.0,108.0,66.0,37.0,9.0,42.0,56.0,354.0,0.0,,hieldbu01
Buddy Hield,ATL,"$9,219,512 ",215.0,33.0,ATL,SG,1.0,0.0,5.0,0.0,1.0,0.0,0.0,1.0,0.0,0.0,0.0,,0.0,0.0,0.0,,0.0,0.0,0.0,0.0,0.0,0.0,1.0,0.0,0.0,0.0,,hieldbu01
Jaden Ivey,CHI,"$10,107,163 ",237.0,23.0,2TM,SG,37.0,5.0,670.0,114.0,256.0,0.445,50.0,134.0,0.373,64.0,122.0,0.525,0.543,38.0,47.0,0.809,24.0,67.0,91.0,68.0,23.0,14.0,41.0,53.0,316.0,0.0,,iveyja01
Jaden Ivey,CHI,"$10,107,163 ",237.0,23.0,DET,SG,33.0,2.0,555.0,99.0,220.0,0.45,42.0,113.0,0.372,57.0,107.0,0.533,0.545,30.0,38.0,0.789,19.0,53.0,72.0,52.0,15.0,12.0,35.0,44.0,270.0,0.0,,iveyja01
Jaden Ivey,CHI,"$10,107,163 ",237.0,23.0,CHI,SG,4.0,3.0,115.0,15.0,36.0,0.417,8.0,21.0,0.381,7.0,15.0,0.467,0.528,8.0,9.0,0.889,5.0,14.0,19.0,16.0,8.0,2.0,6.0,9.0,46.0,0.0,,iveyja01
Jock Landale,ATL,"$10,296,274 ",133.0,30.0,2TM,C,49.0,26.0,1146.0,220.0,417.0,0.528,57.0,143.0,0.399,163.0,274.0,0.595,0.596,64.0,97.0,0.66,151.0,161.0,312.0,81.0,26.0,26.0,49.0,110.0,561.0,0.0,,landajo01
Jock Landale,ATL,"$10,296,274 ",133.0,30.0,MEM,C,45.0,25.0,1060.0,200.0,389.0,0.514,49.0,129.0,0.38,151.0,260.0,0.581,0.577,60.0,89.0,0.674,141.0,151.0,292.0,75.0,25.0,22.0,46.0,102.0,509.0,0.0,,landajo01
Jock Landale,ATL,"$10,296,274 ",133.0,30.0,ATL,C,4.0,1.0,86.0,20.0,28.0,0.714,8.0,14.0,0.571,12.0,14.0,0.857,0.857,4.0,8.0,0.5,10.0,10.0,20.0,6.0,1.0,4.0,3.0,8.0,52.0,0.0,,landajo01
Jock Landale,HOU,"$10,296,274 ",133.0,30.0,2TM,C,49.0,26.0,1146.0,220.0,417.0,0.528,57.0,143.0,0.399,163.0,274.0,0.595,0.596,64.0,97.0,0.66,151.0,161.0,312.0,81.0,26.0,26.0,49.0,110.0,561.0,0.0,,landajo01
Jock Landale,HOU,"$10,296,274 ",133.0,30.0,MEM,C,45.0,25.0,1060.0,200.0,389.0,0.514,49.0,129.0,0.38,151.0,260.0,0.581,0.577,60.0,89.0,0.674,141.0,151.0,292.0,75.0,25.0,22.0,46.0,102.0,509.0,0.0,,landajo01
Jock Landale,HOU,"$10,296,274 ",133.0,30.0,ATL,C,4.0,1.0,86.0,20.0,28.0,0.714,8.0,14.0,0.571,12.0,14.0,0.857,0.857,4.0,8.0,0.5,10.0,10.0,20.0,6.0,1.0,4.0,3.0,8.0,52.0,0.0,,landajo01
Luke Kennard,LAL,"$11,000,000 ",196.0,29.0,2TM,SG,50.0,1.0,1040.0,144.0,264.0,0.545,79.0,160.0,0.494,65.0,104.0,0.625,0.695,37.0,40.0,0.925,22.0,89.0,111.0,107.0,36.0,5.0,35.0,61.0,404.0,0.0,,kennalu01
Luke Kennard,LAL,"$11,000,000 ",196.0,29.0,ATL,SG,46.0,0.0,944.0,129.0,240.0,0.538,74.0,149.0,0.497,55.0,91.0,0.604,0.692,32.0,35.0,0.914,19.0,80.0,99.0,96.0,33.0,5.0,32.0,53.0,364.0,0.0,,kennalu01
Luke Kennard,LAL,"$11,000,000 ",196.0,29.0,LAL,SG,4.0,1.0,96.0,15.0,24.0,0.625,5.0,11.0,0.455,10.0,13.0,0.769,0.729,5.0,5.0,1.0,3.0,9.0,12.0,11.0,3.0,0.0,3.0,8.0,40.0,0.0,,kennalu01
Gabe Vincent,ATL,"$11,500,000 ",353.0,29.0,2TM,PG,30.0,7.0,578.0,46.0,136.0,0.338,38.0,107.0,0.355,8.0,29.0,0.276,0.478,10.0,11.0,0.909,8.0,20.0,28.0,41.0,17.0,1.0,12.0,54.0,140.0,0.0,,vincega01
Gabe Vincent,ATL,"$11,500,000 ",353.0,29.0,LAL,PG,29.0,7.0,559.0,45.0,130.0,0.346,38.0,103.0,0.369,7.0,27.0,0.259,0.492,10.0,11.0,0.909,7.0,20.0,27.0,37.0,14.0,1.0,12.0,53.0,138.0,0.0,,vincega01
Gabe Vincent,ATL,"$11,500,000 ",353.0,29.0,ATL,PG,1.0,0.0,19.0,1.0,6.0,0.167,0.0,4.0,0.0,1.0,2.0,0.5,0.167,0.0,0.0,,1.0,0.0,1.0,4.0,3.0,0.0,0.0,1.0,2.0,0.0,,vincega01
Corey Kispert,ATL,"$13,975,000 ",226.0,26.0,2TM,SF,35.0,8.0,714.0,115.0,248.0,0.464,54.0,149.0,0.362,61.0,99.0,0.616,0.573,51.0,62.0,0.823,13.0,71.0,84.0,60.0,14.0,5.0,29.0,37.0,335.0,0.0,,kispeco01
Corey Kispert,ATL,"$13,975,000 ",226.0,26.0,WAS,SF,19.0,2.0,370.0,59.0,119.0,0.496,30.0,76.0,0.395,29.0,43.0,0.674,0.622,26.0,34.0,0.765,6.0,38.0,44.0,32.0,8.0,3.0,14.0,20.0,174.0,0.0,,kispeco01
Corey Kispert,ATL,"$13,975,000 ",226.0,26.0,ATL,SF,16.0,6.0,344.0,56.0,129.0,0.434,24.0,73.0,0.329,32.0,56.0,0.571,0.527,25.0,28.0,0.893,7.0,33.0,40.0,28.0,6.0,2.0,15.0,17.0,161.0,0.0,,kispeco01
Cole Anthony,PHO,"$15,396,274 ",286.0,25.0,MIL,PG,35.0,0.0,527.0,98.0,231.0,0.424,22.0,72.0,0.306,76.0,159.0,0.478,0.472,16.0,26.0,0.615,16.0,71.0,87.0,121.0,20.0,11.0,65.0,73.0,234.0,0.0,,anthoco01
Cole Anthony,MEM,"$15,396,274 ",286.0,25.0,MIL,PG,35.0,0.0,527.0,98.0,231.0,0.424,22.0,72.0,0.306,76.0,159.0,0.478,0.472,16.0,26.0,0.615,16.0,71.0,87.0,121.0,20.0,11.0,65.0,73.0,234.0,0.0,,anthoco01
Jordan Clarkson,NYK,"$16,581,988 ",162.0,33.0,NYK,SG,51.0,1.0,963.0,173.0,401.0,0.431,62.0,186.0,0.333,111.0,215.0,0.516,0.509,57.0,72.0,0.792,41.0,48.0,89.0,67.0,21.0,8.0,53.0,92.0,465.0,0.0,,clarkjo01
Jordan Clarkson,UTA,"$16,581,988 ",162.0,33.0,NYK,SG,51.0,1.0,963.0,173.0,401.0,0.431,62.0,186.0,0.333,111.0,215.0,0.516,0.509,57.0,72.0,0.792,41.0,48.0,89.0,67.0,21.0,8.0,53.0,92.0,465.0,0.0,,clarkjo01
Kevin Huerter,DET,"$17,991,071 ",152.0,27.0,2TM,SF,48.0,11.0,1085.0,192.0,423.0,0.454,71.0,232.0,0.306,121.0,191.0,0.634,0.538,41.0,56.0,0.732,25.0,151.0,176.0,119.0,38.0,27.0,51.0,90.0,496.0,0.0,,huertke01
Kevin Huerter,DET,"$17,991,071 ",152.0,27.0,CHI,SF,44.0,11.0,1037.0,184.0,404.0,0.455,70.0,223.0,0.314,114.0,181.0,0.63,0.542,41.0,56.0,0.732,23.0,146.0,169.0,116.0,35.0,26.0,49.0,85.0,479.0,0.0,,huertke01
Kevin Huerter,DET,"$17,991,071 ",152.0,27.0,DET,SG,4.0,0.0,48.0,8.0,19.0,0.421,1.0,9.0,0.111,7.0,10.0,0.7,0.447,0.0,0.0,,2.0,5.0,7.0,3.0,3.0,1.0,2.0,5.0,17.0,0.0,,huertke01
Collin Sexton,CHI,"$18,975,000 ",97.0,27.0,2TM,SG,45.0,13.0,1030.0,221.0,459.0,0.481,60.0,158.0,0.38,161.0,301.0,0.535,0.547,147.0,168.0,0.875,23.0,68.0,91.0,163.0,39.0,7.0,99.0,87.0,649.0,0.0,,sextoco01
Collin Sexton,CHI,"$18,975,000 ",97.0,27.0,CHO,SG,42.0,12.0,938.0,202.0,414.0,0.488,57.0,145.0,0.393,145.0,269.0,0.539,0.557,135.0,154.0,0.877,18.0,62.0,80.0,157.0,36.0,7.0,89.0,75.0,596.0,0.0,,sextoco01
Collin Sexton,CHI,"$18,975,000 ",97.0,27.0,CHI,SG,3.0,1.0,92.0,19.0,45.0,0.422,3.0,13.0,0.231,16.0,32.0,0.5,0.456,12.0,14.0,0.857,5.0,6.0,11.0,6.0,3.0,0.0,10.0,12.0,53.0,0.0,,sextoco01
De'Andre Hunter,SAC,"$23,303,571 ",107.0,28.0,2TM,SF,45.0,25.0,1176.0,208.0,501.0,0.415,75.0,246.0,0.305,133.0,255.0,0.522,0.49,124.0,143.0,0.867,30.0,155.0,185.0,90.0,30.0,6.0,75.0,112.0,615.0,0.0,,huntede01
De'Andre Hunter,SAC,"$23,303,571 ",107.0,28.0,CLE,SF,43.0,23.0,1125.0,204.0,482.0,0.423,73.0,237.0,0.308,131.0,245.0,0.535,0.499,119.0,137.0,0.869,29.0,153.0,182.0,89.0,30.0,6.0,71.0,107.0,600.0,0.0,,huntede01
De'Andre Hunter,SAC,"$23,303,571 ",107.0,28.0,SAC,SF,2.0,2.0,51.0,4.0,19.0,0.211,2.0,9.0,0.222,2.0,10.0,0.2,0.263,5.0,6.0,0.833,1.0,2.0,3.0,1.0,0.0,0.0,4.0,5.0,15.0,0.0,,huntede01
Marcus Smart,LAL,"$26,720,855 ",176.0,31.0,LAL,SG,44.0,37.0,1250.0,141.0,351.0,0.402,69.0,210.0,0.329,72.0,141.0,0.511,0.5,82.0,99.0,0.828,30.0,101.0,131.0,127.0,55.0,16.0,72.0,114.0,433.0,0.0,,smartma01
Marcus Smart,WAS,"$26,720,855 ",176.0,31.0,LAL,SG,44.0,37.0,1250.0,141.0,351.0,0.402,69.0,210.0,0.329,72.0,141.0,0.511,0.5,82.0,99.0,0.828,30.0,101.0,131.0,127.0,55.0,16.0,72.0,114.0,433.0,0.0,,smartma01
Duncan Robinson,MIA,"$26,722,692 ",105.0,31.0,DET,SF,51.0,51.0,1437.0,211.0,478.0,0.441,149.0,372.0,0.401,62.0,106.0,0.585,0.597,54.0,73.0,0.74,18.0,119.0,137.0,95.0,33.0,16.0,36.0,110.0,625.0,0.0,,robindu01
Duncan Robinson,DET,"$26,722,692 ",105.0,31.0,DET,SF,51.0,51.0,1437.0,211.0,478.0,0.441,149.0,372.0,0.401,62.0,106.0,0.585,0.597,54.0,73.0,0.74,18.0,119.0,137.0,95.0,33.0,16.0,36.0,110.0,625.0,0.0,,robindu01
Anfernee Simons,CHI,"$27,678,571 ",70.0,26.0,2TM,SG,53.0,4.0,1328.0,276.0,624.0,0.442,142.0,367.0,0.387,134.0,257.0,0.521,0.556,67.0,75.0,0.893,31.0,101.0,132.0,133.0,27.0,8.0,65.0,90.0,761.0,0.0,,simonan01
Anfernee Simons,CHI,"$27,678,571 ",70.0,26.0,BOS,SG,49.0,0.0,1202.0,250.0,568.0,0.44,130.0,329.0,0.395,120.0,239.0,0.502,0.555,64.0,72.0,0.889,26.0,92.0,118.0,116.0,27.0,6.0,55.0,82.0,694.0,0.0,,simonan01
Anfernee Simons,CHI,"$27,678,571 ",70.0,26.0,CHI,SG,4.0,4.0,126.0,26.0,56.0,0.464,12.0,38.0,0.316,14.0,18.0,0.778,0.571,3.0,3.0,1.0,5.0,9.0,14.0,17.0,0.0,2.0,10.0,8.0,67.0,0.0,,simonan01
CJ McCollum,ATL,"$30,666,666 ",37.0,34.0,2TM,SG,51.0,37.0,1537.0,354.0,778.0,0.455,132.0,346.0,0.382,222.0,432.0,0.514,0.54,117.0,151.0,0.775,35.0,139.0,174.0,182.0,38.0,19.0,87.0,99.0,957.0,0.0,,mccolcj01
CJ McCollum,ATL,"$30,666,666 ",37.0,34.0,WAS,SG,35.0,35.0,1082.0,240.0,529.0,0.454,96.0,244.0,0.393,144.0,285.0,0.505,0.544,82.0,102.0,0.804,23.0,101.0,124.0,126.0,24.0,9.0,58.0,73.0,658.0,0.0,,mccolcj01
CJ McCollum,ATL,"$30,666,666 ",37.0,34.0,ATL,PG,16.0,2.0,455.0,114.0,249.0,0.458,36.0,102.0,0.353,78.0,147.0,0.531,0.53,35.0,49.0,0.714,12.0,38.0,50.0,56.0,14.0,10.0,29.0,26.0,299.0,0.0,,mccolcj01
Khris Middleton,DAL,"$33,296,296 ",207.0,34.0,2TM,SF,36.0,34.0,869.0,135.0,316.0,0.427,35.0,106.0,0.33,100.0,210.0,0.476,0.483,67.0,79.0,0.848,31.0,109.0,140.0,114.0,26.0,9.0,59.0,91.0,372.0,0.0,,middlkh01
Khris Middleton,DAL,"$33,296,296 ",207.0,34.0,WAS,SF,34.0,34.0,827.0,130.0,300.0,0.433,33.0,99.0,0.333,97.0,201.0,0.483,0.488,58.0,69.0,0.841,30.0,104.0,134.0,111.0,26.0,9.0,57.0,86.0,351.0,0.0,,middlkh01
Khris Middleton,DAL,"$33,296,296 ",207.0,34.0,DAL,SF,2.0,0.0,42.0,5.0,16.0,0.313,2.0,7.0,0.286,3.0,9.0,0.333,0.375,9.0,10.0,0.9,1.0,5.0,6.0,3.0,0.0,0.0,2.0,5.0,21.0,0.0,,middlkh01
Jaren Jackson Jr.,UTA,"$35,000,000 ",39.0,26.0,2TM,C,48.0,48.0,1454.0,342.0,719.0,0.476,84.0,235.0,0.357,258.0,484.0,0.533,0.534,163.0,203.0,0.803,42.0,230.0,272.0,94.0,53.0,69.0,107.0,179.0,931.0,0.0,,jacksja02
Jaren Jackson Jr.,UTA,"$35,000,000 ",39.0,26.0,MEM,C,45.0,45.0,1382.0,318.0,670.0,0.475,79.0,220.0,0.359,239.0,450.0,0.531,0.534,149.0,187.0,0.797,41.0,218.0,259.0,86.0,47.0,68.0,100.0,170.0,864.0,0.0,,jacksja02
Jaren Jackson Jr.,UTA,"$35,000,000 ",39.0,26.0,UTA,C,3.0,3.0,72.0,24.0,49.0,0.49,5.0,15.0,0.333,19.0,34.0,0.559,0.541,14.0,16.0,0.875,1.0,12.0,13.0,8.0,6.0,1.0,7.0,9.0,67.0,0.0,,jacksja02
James Harden,CLE,"$39,182,693 ",13.0,36.0,2TM,PG,47.0,47.0,1656.0,338.0,804.0,0.42,143.0,408.0,0.35,195.0,396.0,0.492,0.509,357.0,396.0,0.902,30.0,198.0,228.0,384.0,58.0,20.0,173.0,90.0,1176.0,2.0,,hardeja01
James Harden,CLE,"$39,182,693 ",13.0,36.0,LAC,PG,44.0,44.0,1559.0,323.0,771.0,0.419,135.0,389.0,0.347,188.0,382.0,0.492,0.506,337.0,374.0,0.901,27.0,185.0,212.0,358.0,57.0,16.0,162.0,83.0,1118.0,2.0,,hardeja01
James Harden,CLE,"$39,182,693 ",13.0,36.0,CLE,PG,3.0,3.0,97.0,15.0,33.0,0.455,8.0,19.0,0.421,7.0,14.0,0.5,0.576,20.0,22.0,0.909,3.0,13.0,16.0,26.0,1.0,4.0,11.0,7.0,58.0,0.0,,hardeja01
Deandre Ayton,LAL,"$43,654,814 ",111.0,27.0,LAL,C,46.0,46.0,1299.0,278.0,412.0,0.675,0.0,0.0,,278.0,412.0,0.675,0.675,53.0,82.0,0.646,117.0,272.0,389.0,41.0,29.0,44.0,63.0,107.0,609.0,0.0,,aytonde01
Deandre Ayton,POR,"$43,654,814 ",111.0,27.0,LAL,C,46.0,46.0,1299.0,278.0,412.0,0.675,0.0,0.0,,278.0,412.0,0.675,0.675,53.0,82.0,0.646,117.0,272.0,389.0,41.0,29.0,44.0,63.0,107.0,609.0,0.0,,aytonde01
Bradley Beal,LAC,"$59,020,270 ",426.0,32.0,LAC,SG,6.0,6.0,121.0,18.0,48.0,0.375,7.0,19.0,0.368,11.0,29.0,0.379,0.448,6.0,8.0,0.75,2.0,3.0,5.0,10.0,3.0,0.0,9.0,14.0,49.0,0.0,,bealbr01
Bradley Beal,PHO,"$59,020,270 ",426.0,32.0,LAC,SG,6.0,6.0,121.0,18.0,48.0,0.375,7.0,19.0,0.368,11.0,29.0,0.379,0.448,6.0,8.0,0.75,2.0,3.0,5.0,10.0,3.0,0.0,9.0,14.0,49.0,0.0,,bealbr01
Charles Bassey,MEM,,496.0,25.0,2TM,C,3.0,0.0,36.0,4.0,9.0,0.444,0.0,0.0,,4.0,9.0,0.444,0.444,1.0,3.0,0.333,7.0,8.0,15.0,2.0,1.0,2.0,1.0,5.0,9.0,0.0,,bassech01
Charles Bassey,MEM,,496.0,25.0,MEM,C,2.0,0.0,31.0,3.0,8.0,0.375,0.0,0.0,,3.0,8.0,0.375,0.375,1.0,3.0,0.333,7.0,8.0,15.0,2.0,1.0,1.0,1.0,5.0,7.0,0.0,,bassech01
Charles Bassey,MEM,,496.0,25.0,PHI,C,1.0,0.0,5.0,1.0,1.0,1.0,0.0,0.0,,1.0,1.0,1.0,1.0,0.0,0.0,,0.0,0.0,0.0,0.0,0.0,1.0,0.0,0.0,2.0,0.0,,bassech01
Jeremiah Robinson-Earl,IND,,383.0,25.0,2TM,PF,22.0,3.0,361.0,37.0,100.0,0.37,10.0,41.0,0.244,27.0,59.0,0.458,0.42,17.0,18.0,0.944,36.0,67.0,103.0,15.0,9.0,1.0,12.0,26.0,101.0,0.0,,robinje02
Jeremiah Robinson-Earl,IND,,383.0,25.0,IND,PF,17.0,3.0,300.0,29.0,83.0,0.349,8.0,33.0,0.242,21.0,50.0,0.42,0.398,13.0,14.0,0.929,32.0,56.0,88.0,12.0,7.0,1.0,10.0,23.0,79.0,0.0,,robinje02
Jeremiah Robinson-Earl,IND,,383.0,25.0,DAL,PF,5.0,0.0,61.0,8.0,17.0,0.471,2.0,8.0,0.25,6.0,9.0,0.667,0.529,4.0,4.0,1.0,4.0,11.0,15.0,3.0,2.0,0.0,2.0,3.0,22.0,0.0,,robinje02
Jeremiah Robinson-Earl,IND,,383.0,25.0,2TM,PF,22.0,3.0,361.0,37.0,100.0,0.37,10.0,41.0,0.244,27.0,59.0,0.458,0.42,17.0,18.0,0.944,36.0,67.0,103.0,15.0,9.0,1.0,12.0,26.0,101.0,0.0,,robinje02
Jeremiah Robinson-Earl,IND,,383.0,25.0,IND,PF,17.0,3.0,300.0,29.0,83.0,0.349,8.0,33.0,0.242,21.0,50.0,0.42,0.398,13.0,14.0,0.929,32.0,56.0,88.0,12.0,7.0,1.0,10.0,23.0,79.0,0.0,,robinje02
Jeremiah Robinson-Earl,IND,,383.0,25.0,DAL,PF,5.0,0.0,61.0,8.0,17.0,0.471,2.0,8.0,0.25,6.0,9.0,0.667,0.529,4.0,4.0,1.0,4.0,11.0,15.0,3.0,2.0,0.0,2.0,3.0,22.0,0.0,,robinje02
